SITE URL,TAG NAME,IS TAG FOUND
http://www.coverfx.com," "," "
"",paypal,paypal is not present
"",aliexpress,aliexpress is not present
http://www.bearingkit.com," "," "
"",paypal,paypal is present
"",aliexpress,aliexpress is not present
https://stacksocial.com/," "," "
"",paypal,paypal is not present
"",aliexpress,aliexpress is not present
http://www.burkedecor.com," "," "
"",paypal,paypal is not present
"",aliexpress,aliexpress is not present
https://www.paypal.com," "," "
"",paypal,paypal is present
"",aliexpress,aliexpress is not present
http://www.shoppingmalljapan.com," "," "
"",paypal,paypal is not present
"",aliexpress,aliexpress is not present
https://opskins.com/," "," "
"",paypal,paypal is not present
"",aliexpress,aliexpress is not present
